settore;obiettivo;titolo;importo;scadenza;ente;descrizione
Agricoltura;Acquisto macchinari;PSR Puglia Misura 4.1;Fondo perduto al 50%;30/11/2026;Regione Puglia;Supporto agli investimenti nelle aziende agricole per l'ammodernamento tecnologico e trattori.
Agricoltura;Efficienza idrica;Bando Siccità e Invasi PNRR;Fino a 35.000 €;15/12/2026;Ministero Agricoltura;Contributi per impianti di irrigazione a goccia e recupero acque piovane.
Agricoltura;Avvio impresa / Giovani;Pacchetto Giovani PSR;50.000 € a fondo perduto;A sportello;Regione Puglia;Premio di insediamento per giovani agricoltori under 41.
Edilizia;Sicurezza sul lavoro;Bando INAIL (ISI) 2026;65% a fondo perduto;A sportello;INAIL;Finanziamento per acquisto macchinari sicuri, ponteggi e bonifica amianto.
Edilizia;Transizione ecologica PNRR;Superbonus PNRR Edilizia;100% copertura;31/12/2026;Ministero Infrastrutture;Fondi per l'efficientamento energetico di strutture.
Commercio;Avvio impresa / Giovani;NIDI Puglia (Nuove Iniziative);Fondo perduto 50% + Prestito;Sempre aperto;Puglia Sviluppo;Aiuti per donne, giovani e disoccupati che avviano una nuova attività.
Commercio;Digitalizzazione;Voucher Transizione Digitale;Fino a 10.000 €;Esaurimento fondi;Camera di Commercio;Acquisto software, e-commerce e registratori telematici.
Artigianato;Acquisto macchinari;Titolo II Capo II - Artigianato;20% a fondo perduto;Sempre aperto;Regione Puglia;Sostegno agli investimenti per micro e piccole imprese artigiane.
Terzo Settore (Volontariato);Inclusione Sociale;Fondo Terzo Settore Puglia;Fino a 50.000 €;30/10/2026;Regione Puglia;Finanziamento progetti di inclusione, assistenza disabili e doposcuola.
Trasversale;Assunzioni;Bonus Giovani e Donne;Esonero contributivo 100%;31/12/2026;INPS;Sgravi fiscali per aziende di ogni settore che assumono under 35 o donne svantaggiate.